{
  "name": "Portal WATCHDOG",
  "version": "1.0",
  "manifest_version": 3,
  "action":   {
	    "default_title": "Portal WATCHDOG",
		"default_icon": "icon.png",
		"default_popup": "PortalWatchdog.html"
	 },
  "description": "Pilnuje portali w Ingress by szkodniki sie nie panoszyły",
  "host_permissions": [ "*://*.ingress.com/" ],
  "permissions": [ "activeTab","scripting","storage","tabs","scripting" ],
  "commands": {
	   "showui": {
			"suggested_key": {
				"default": "Alt+T"
			},
			"description": "show watchdog"
		},
		"monitor": {
			"suggested_key": {
				"default": "Alt+M"
			},
			"description": "Monitor portals"
		}
	},
	"content_scripts": 
    [{
      "matches": ["http://*/*", "https://*/*"],
      "js": ["inject.js","IngressPortalClass.js","jquery.js","bootstrap.js"],
	  "css": ["inject.css"],
      "all_frames": true
    }],
   "web_accessible_resources": [
   {
     "resources": ["content.js","IngressPortalClass.js","jquery.js","jqueryui.js","bootstrap.js","inject.css","dupa.css","bobrownik_80.svg","PortalWatchdog.js","PortalWatchdog.html"],
     "matches": ["https://*.ingress.com/*"]
   }]
	
}
